{"custom_metrics": {}, "episode_media": {}, "num_recreated_workers": 0, "info": {"learner": {}, "num_env_steps_sampled": 1000, "num_env_steps_trained": 0, "num_agent_steps_sampled": 1000, "num_agent_steps_trained": 0}, "sampler_results": {"episode_reward_max": 167.72576550037886, "episode_reward_min": 49.69865271635095, "episode_reward_mean": 100.53147364923363, "episode_len_mean": 10.0, "episode_media": {}, "episodes_this_iter": 100, "policy_reward_min": {}, "policy_reward_max": {}, "policy_reward_mean": {}, "custom_metrics": {}, "hist_stats": {"episode_reward": [103.48275069021862, 114.35162221846483, 139.0873414983328, 68.68237428832336, 120.794159735396, 114.36321244215094, 110.99098146484846, 90.91940942718351, 114.57462848148306, 115.57615373473685, 49.69865271635095, 142.9468081613304, 111.87054034886329, 103.25108166762857, 107.35553792286173, 67.20841647422668, 133.54070385413175, 87.19340009195682, 129.651180431537, 71.82482176177254, 116.1641456907423, 89.46492529500178, 113.23885484145265, 114.85567559322477, 82.19338062908044, 131.66249661905928, 107.85269795106886, 69.0429437465717, 132.0309983644283, 134.87588875178994, 103.26302071688848, 111.55373743906465, 85.44902218802547, 129.85440844706866, 124.17582249976245, 73.10590296310441, 100.57351713030467, 90.58012746433214, 123.37541159962711, 87.11021258164244, 141.82967167529205, 88.98503471377639, 82.93366888120826, 79.69753077548188, 110.96863707898397, 116.35746430960103, 119.33334463326617, 78.00884930130294, 56.62817945418681, 82.3822699696001, 95.33444253807497, 124.50921517357249, 133.28932694709266, 132.17191309451775, 82.02446886039797, 124.5482557654035, 66.88398718668567, 95.33546038778192, 75.92255954649492, 68.00832845562411, 90.03151476618045, 113.7238468006284, 84.33629262675602, 91.93723688118436, 81.59152921617283, 71.90221649497883, 136.10982207497744, 167.72576550037886, 75.67036818912665, 122.7743821523216, 93.39848131784125, 111.81879101675247, 104.58665582015884, 81.67616444630973, 59.856417265689345, 91.75815035804109, 86.5066366700975, 119.02887776121551, 75.50897282859106, 89.06159065861391, 62.99145328196784, 63.84138048455039, 74.41682078261519, 88.18213247255896, 126.02407095579125, 87.29952340023634, 82.63572832208916, 103.7541454493521, 72.72199912865939, 118.6675372039214, 140.31589149773163, 141.62951266286032, 106.22281994297354, 97.43932320563192, 121.41376146143392, 77.34573649258678, 119.25429318925859, 68.15653684705148, 71.06146254251391, 107.82994608117896], "episode_lengths": [10, 10, 10, 10, 10, 10, 10, 10, 10, 10, 10, 10, 10, 10, 10, 10, 10, 10, 10, 10, 10, 10, 10, 10, 10, 10, 10, 10, 10, 10, 10, 10, 10, 10, 10, 10, 10, 10, 10, 10, 10, 10, 10, 10, 10, 10, 10, 10, 10, 10, 10, 10, 10, 10, 10, 10, 10, 10, 10, 10, 10, 10, 10, 10, 10, 10, 10, 10, 10, 10, 10, 10, 10, 10, 10, 10, 10, 10, 10, 10, 10, 10, 10, 10, 10, 10, 10, 10, 10, 10, 10, 10, 10, 10, 10, 10, 10, 10, 10, 10]}, "sampler_perf": {"mean_raw_obs_processing_ms": 0.7079974278346164, "mean_inference_ms": 0.5059747190980408, "mean_action_processing_ms": 0.02055735021204381, "mean_env_wait_ms": 0.14776140302568527, "mean_env_render_ms": 0.0}, "num_faulty_episodes": 0}, "episode_reward_max": 167.72576550037886, "episode_reward_min": 49.69865271635095, "episode_reward_mean": 100.53147364923363, "episode_len_mean": 10.0, "episodes_this_iter": 100, "policy_reward_min": {}, "policy_reward_max": {}, "policy_reward_mean": {}, "hist_stats": {"episode_reward": [103.48275069021862, 114.35162221846483, 139.0873414983328, 68.68237428832336, 120.794159735396, 114.36321244215094, 110.99098146484846, 90.91940942718351, 114.57462848148306, 115.57615373473685, 49.69865271635095, 142.9468081613304, 111.87054034886329, 103.25108166762857, 107.35553792286173, 67.20841647422668, 133.54070385413175, 87.19340009195682, 129.651180431537, 71.82482176177254, 116.1641456907423, 89.46492529500178, 113.23885484145265, 114.85567559322477, 82.19338062908044, 131.66249661905928, 107.85269795106886, 69.0429437465717, 132.0309983644283, 134.87588875178994, 103.26302071688848, 111.55373743906465, 85.44902218802547, 129.85440844706866, 124.17582249976245, 73.10590296310441, 100.57351713030467, 90.58012746433214, 123.37541159962711, 87.11021258164244, 141.82967167529205, 88.98503471377639, 82.93366888120826, 79.69753077548188, 110.96863707898397, 116.35746430960103, 119.33334463326617, 78.00884930130294, 56.62817945418681, 82.3822699696001, 95.33444253807497, 124.50921517357249, 133.28932694709266, 132.17191309451775, 82.02446886039797, 124.5482557654035, 66.88398718668567, 95.33546038778192, 75.92255954649492, 68.00832845562411, 90.03151476618045, 113.7238468006284, 84.33629262675602, 91.93723688118436, 81.59152921617283, 71.90221649497883, 136.10982207497744, 167.72576550037886, 75.67036818912665, 122.7743821523216, 93.39848131784125, 111.81879101675247, 104.58665582015884, 81.67616444630973, 59.856417265689345, 91.75815035804109, 86.5066366700975, 119.02887776121551, 75.50897282859106, 89.06159065861391, 62.99145328196784, 63.84138048455039, 74.41682078261519, 88.18213247255896, 126.02407095579125, 87.29952340023634, 82.63572832208916, 103.7541454493521, 72.72199912865939, 118.6675372039214, 140.31589149773163, 141.62951266286032, 106.22281994297354, 97.43932320563192, 121.41376146143392, 77.34573649258678, 119.25429318925859, 68.15653684705148, 71.06146254251391, 107.82994608117896], "episode_lengths": [10, 10, 10, 10, 10, 10, 10, 10, 10, 10, 10, 10, 10, 10, 10, 10, 10, 10, 10, 10, 10, 10, 10, 10, 10, 10, 10, 10, 10, 10, 10, 10, 10, 10, 10, 10, 10, 10, 10, 10, 10, 10, 10, 10, 10, 10, 10, 10, 10, 10, 10, 10, 10, 10, 10, 10, 10, 10, 10, 10, 10, 10, 10, 10, 10, 10, 10, 10, 10, 10, 10, 10, 10, 10, 10, 10, 10, 10, 10, 10, 10, 10, 10, 10, 10, 10, 10, 10, 10, 10, 10, 10, 10, 10, 10, 10, 10, 10, 10, 10]}, "sampler_perf": {"mean_raw_obs_processing_ms": 0.7079974278346164, "mean_inference_ms": 0.5059747190980408, "mean_action_processing_ms": 0.02055735021204381, "mean_env_wait_ms": 0.14776140302568527, "mean_env_render_ms": 0.0}, "num_faulty_episodes": 0, "num_healthy_workers": 0, "num_agent_steps_sampled": 1000, "num_agent_steps_trained": 0, "num_env_steps_sampled": 1000, "num_env_steps_trained": 0, "num_env_steps_sampled_this_iter": 1000, "num_env_steps_trained_this_iter": 0, "timesteps_total": 1000, "num_steps_trained_this_iter": 0, "agent_timesteps_total": 1000, "timers": {"training_iteration_time_ms": 5.583}, "counters": {"num_env_steps_sampled": 1000, "num_env_steps_trained": 0, "num_agent_steps_sampled": 1000, "num_agent_steps_trained": 0}, "done": true, "episodes_total": 100, "training_iteration": 1, "trial_id": "6fbce_00000", "experiment_id": "e59f412ccfb248a9839f2727cfcfe2ae", "date": "2022-09-16_11-14-48", "timestamp": 1663352088, "time_this_iter_s": 1.475214958190918, "time_total_s": 1.475214958190918, "pid": 69634, "hostname": "Kouroshs-MacBook-Pro-13", "node_ip": "127.0.0.1", "config": {"extra_python_environs_for_driver": {}, "extra_python_environs_for_worker": {}, "num_gpus": 0, "num_cpus_per_worker": 1, "num_gpus_per_worker": 0, "_fake_gpus": false, "custom_resources_per_worker": {}, "placement_strategy": "PACK", "eager_tracing": false, "eager_max_retraces": 20, "tf_session_args": {"intra_op_parallelism_threads": 2, "inter_op_parallelism_threads": 2, "gpu_options": {"allow_growth": true}, "log_device_placement": false, "device_count": {"CPU": 1}, "allow_soft_placement": true}, "local_tf_session_args": {"intra_op_parallelism_threads": 8, "inter_op_parallelism_threads": 8}, "env": "modified-lts", "env_config": {}, "observation_space": null, "action_space": null, "env_task_fn": null, "render_env": false, "clip_rewards": null, "normalize_actions": true, "clip_actions": false, "disable_env_checking": false, "num_workers": 0, "num_envs_per_worker": 1, "sample_collector": "<class 'ray.rllib.evaluation.collectors.simple_list_collector.SimpleListCollector'>", "sample_async": false, "enable_connectors": false,